{"export_version": "0.10", "aiida_version": "1.6.4", "all_fields_info": {"User": {"last_name": {}, "first_name": {}, "institution": {}, "email": {}}, "Computer": {"transport_type": {}, "hostname": {}, "description": {}, "scheduler_type": {}, "metadata": {}, "uuid": {}, "name": {}}, "Node": {"ctime": {"convert_type": "date"}, "uuid": {}, "mtime": {"convert_type": "date"}, "node_type": {}, "label": {}, "user": {"requires": "User", "related_name": "dbnodes"}, "dbcomputer": {"requires": "Computer", "related_name": "dbnodes"}, "description": {}, "process_type": {}, "extras": {"convert_type": "jsonb"}, "attributes": {"convert_type": "jsonb"}}, "Group": {"description": {}, "user": {"related_name": "dbgroups", "requires": "User"}, "time": {"convert_type": "date"}, "type_string": {}, "uuid": {}, "label": {}, "extras": {"convert_type": "jsonb"}}, "Log": {"uuid": {}, "time": {"convert_type": "date"}, "loggername": {}, "levelname": {}, "message": {}, "metadata": {}, "dbnode": {"related_name": "dblogs", "requires": "Node"}}, "Comment": {"uuid": {}, "ctime": {"convert_type": "date"}, "mtime": {"convert_type": "date"}, "content": {}, "dbnode": {"related_name": "dbcomments", "requires": "Node"}, "user": {"related_name": "dbcomments", "requires": "User"}}}, "unique_identifiers": {"User": "email", "Computer": "uuid", "Node": "uuid", "Group": "uuid", "Log": "uuid", "Comment": "uuid"}, "export_parameters": {"graph_traversal_rules": {"input_calc_forward": false, "input_calc_backward": true, "create_forward": true, "create_backward": true, "return_forward": true, "return_backward": false, "input_work_forward": false, "input_work_backward": true, "call_calc_forward": true, "call_calc_backward": true, "call_work_forward": true, "call_work_backward": true}, "entities_starting_set": {"Group": ["5fbf8671-5bb5-4c27-b633-132f1c273ec9", "02cdb034-e8e0-4001-bc1d-22eb15807bf8"], "Node": ["c6c3a122-0687-45c1-9491-b5c86a5c8ded", "6d5d3300-a8a2-451d-8a3c-c97da40c30b7", "1ea095fd-e1e4-43cd-8730-4d0ecada2f94", "46f7a85e-e045-4384-9e94-5ed46846cafb", "9c9a184b-41ae-4750-bf76-b4603d3fa79b", "376591c3-5b84-4a25-8d8d-6cd94d695dc9", "4a2dce21-db77-4ee5-bf24-a79af05b254e", "f4de06db-ce4e-4785-9e8f-3c7ba7fe91b8", "6a65546e-df4f-49b3-be39-9f65dedea132", "a3c5fe9f-a48e-4d43-9139-32f46ac5eb48", "6ae9a452-c215-4415-9676-9ba08e57b0d7", "1d30ee60-75db-4cf0-aecd-2916eac6986e", "417da6f4-4688-4180-bb58-14874752bb13", "abd6b1eb-ae58-44f3-9060-24a18b6b45a7"]}, "include_comments": true, "include_logs": true}, "conversion_info": []}