{"shebang": "#!/bin/bash", "submit_as_hold": false, "rerunnable": false, "job_environment": {}, "job_name": "aiida-210", "sched_output_path": "_scheduler-stdout.txt", "sched_error_path": "_scheduler-stderr.txt", "sched_join_files": false, "prepend_text": "", "append_text": "", "job_resource": {"num_machines": 1, "num_mpiprocs_per_machine": 1, "num_cores_per_machine": null, "num_cores_per_mpiproc": null, "tot_num_mpiprocs": 1}, "codes_info": [{"code_uuid": "054eff37-5963-4242-b8fe-f3c2b7555fea", "stdout_name": "aiida.out", "stdin_name": "mkm_job.py", "withmpi": false, "cmdline_params": ["/Users/vijays/Documents/environments/catmap_sigma/bin/python"]}], "codes_run_mode": 0, "import_sys_environment": true}